NJ TRANSIT - NEC,Trenton,workday,8,60+
NJ TRANSIT - MOBO,Hoboken,workday,17,60+
NJ TRANSIT - MOBO,MSU,workday,16,60+
NJ TRANSIT - NEC,PSNY,workday,16,60+
NJ TRANSIT - NEC,Trenton,workday,14,60+
NJ TRANSIT - PVL,Spring Valley,workday,13,60+
NJ TRANSIT - NEC,Trenton,holiday,8,60+
NJ TRANSIT - ME,PSNY,workday,18,60+
NJ TRANSIT - ME,Summit,workday,7,60+
NJ TRANSIT - MBPJ,Port Jervis,workday,4,60+
NJ TRANSIT - ME,Gladstone,workday,6,60+
NJ TRANSIT - ME,PSNY,workday,18,60+
NJ TRANSIT - NEC,PSNY,workday,17,60+
NJ TRANSIT - RVL,High Bridge,workday,15,60+
NJ TRANSIT - NEC,New Brunswick,workday,15,60+
NJ TRANSIT - MBPJ,Port Jervis,workday,5,60+
NJ TRANSIT - ME,Dover,workday,18,60+
NJ TRANSIT - NEC,Trenton,workday,8,60+
NJ TRANSIT - ME,Mount Olive,workday,6,60+
NJ TRANSIT - ME,Morristown,workday,6,60+
NJ TRANSIT - ME,Hoboken,workday,4,60+
NJ TRANSIT - NEC,PSNY,workday,16,60+
NJ TRANSIT - PVL,Hoboken,workday,15,60+
NJ TRANSIT - ME,Dover,workday,10,60+
NJ TRANSIT - MBPJ,Hoboken,workday,10,60+
NJ TRANSIT - PVL,Hoboken,workday,23,60+
NJ TRANSIT - PVL,Anderson Street,workday,8,60+
NJ TRANSIT - MBPJ,Waldwick,workday,8,60+
NJ TRANSIT - RVL,Plainfield,workday,8,60+
NJ TRANSIT - ME,PSNY,workday,7,60+
NJ TRANSIT - ME,Gladstone,workday,9,60+
NJ TRANSIT - PVL,Spring Valley,workday,8,60+
NJ TRANSIT - ME,Morristown,workday,6,60+
NJ TRANSIT - MBPJ,Port Jervis ,workday,5,60+
NJ TRANSIT - NEC,Trenton,workday,6,60+
NJ TRANSIT - ME,Gladstone,workday,5,60+
NJ TRANSIT - MBPJ,Hoboken,workday,23,60+
NJ TRANSIT - ME,Summit,workday,7,60+
NJ TRANSIT - NEC,PSNY,workday,6,60+
NJ TRANSIT - MBPJ,Waldwick,workday,7,60+
NJ TRANSIT - NEC,PSNY,workday,5,60+
NJ TRANSIT - NJCL,Secaucus,workday,18,< 20
NJ TRANSIT - ME,Morristown,workday,16,< 20
NJ TRANSIT - NEC,Edison,workday,15,< 20
NJ TRANSIT - NJCL,Linden,workday,13,< 20
NJ TRANSIT - NEC,Rahway,workday,13,< 20
NJ TRANSIT - ME,Maplewood,workday,10,< 20
NJ TRANSIT - ME,NYPS,workday,7,< 20
NJ TRANSIT - NJCL,South Amboy,workday,18,< 20
NJ TRANSIT - NJCL,Newark Airport,workday,18,< 20
NJ TRANSIT - ME,Broad St,workday,14,< 20
NJ TRANSIT - NJCL,Woodbridge,workday,13,< 20
NJ TRANSIT - MOBO,Bay Street,workday,23,< 20
NJ TRANSIT - NJCL,Long Branch,workday,10,< 20
NJ TRANSIT - NEC,Metropark,workday,20,< 20
NJ TRANSIT - NEC,Princeton Junction,workday,18,< 20
NJ TRANSIT - ME,East Orange,workday,17,< 20
NJ TRANSIT - ME,Brick Church,workday,18,< 20
NJ TRANSIT - NEC,Elizabeth,workday,24,< 20
NJ TRANSIT - ME,Newark Broad St.,workday,15,< 20
NJ TRANSIT - ME,Brick Church,workday,14,< 20
NJ TRANSIT - NJCL,Asbury Park,workday,24,< 20
NJ TRANSIT - NEC,Princeton Junction,workday,24,< 20
NJ TRANSIT - NJCL,Hazlet,workday,11,< 20
NJ TRANSIT - MOBO,Watsessing Ave.,workday,8,< 20
NJ TRANSIT - NEC,Jersey Ave,workday,5,< 20
NJ TRANSIT - ME,Summit,workday,18,< 20
NJ TRANSIT - ME,Secaucus,workday,18,< 20
NJ TRANSIT - NEC,Princeton,workday,5,< 20
NJ TRANSIT - NJCL,Long Branch,holiday,16,< 20
NJ TRANSIT - NJCL,Perth Amboy,holiday,16,< 20
NJ TRANSIT - NEC,Edison,holiday,14,< 20
NJ TRANSIT - RVL,Roselle Park,holiday,13,< 20
NJ TRANSIT - NJCL,Aberdeen-Matawan,holiday,11,< 20
NJ TRANSIT - ME,Newark Broad St.,workday,8,< 20
NJ TRANSIT - RVL,Dunellen,workday,20,< 20
NJ TRANSIT - NEC,Rahway,workday,15,< 20
NJ TRANSIT - MOBO,Walnut Street,workday,13,< 20
NJ TRANSIT - MBPJ,Salisbury Mills,workday,9,< 20
NJ TRANSIT - MBPJ,Hoboken,workday,7,< 20
NJ TRANSIT - MBPJ,Secaucus,workday,7,< 20
NJ TRANSIT - ME,Morristown,workday,17,< 20
NJ TRANSIT - ME,Morris Plains,workday,16,< 20
NJ TRANSIT - ME,Basking Ridge,workday,11,< 20
NJ TRANSIT - MOBO,Bay Street,workday,8,< 20
NJ TRANSIT - NEC,Princeton Junction,workday,17,< 20
NJ TRANSIT - ME,Morris Plains,workday,6,< 20
NJ TRANSIT - RVL,Annandale,workday,15,< 20
NJ TRANSIT - RVL,Metropark,workday,17,< 20
NJ TRANSIT - NEC,Secaucus,workday,8,< 20
NJ TRANSIT - ME,PSNY,workday,7,< 20
NJ TRANSIT - MBPJ,Clifton,workday,18,< 20
NJ TRANSIT - RVL,Metropark,workday,18,< 20
NJ TRANSIT - NEC,Secaucus,workday,17,< 20
NJ TRANSIT - ME,East Orange,workday,17,< 20
NJ TRANSIT - PVL,Hillsdale,workday,11,< 20
NJ TRANSIT - MBPJ,Sloatsburg,workday,10,< 20
NJ TRANSIT - ME,Brick Church,workday,17,< 20
NJ TRANSIT - NEC,Metropark,workday,17,< 20
NJ TRANSIT - MBPJ,Rutherford,workday,7,< 20
NJ TRANSIT - PVL,Teterboro,workday,19,< 20
NJ TRANSIT - NEC,Secaucus,workday,9,< 20
NJ TRANSIT - NEC,Edison,workday,9,< 20
NJ TRANSIT - MBPJ,Secaucus,workday,7,< 20
NJ TRANSIT - ME,South Orange,workday,6,< 20
NJ TRANSIT - NEC,Secaucus,workday,6,< 20
NJ TRANSIT - ME,Maplewood,workday,8,< 20
NJ TRANSIT - NEC,Metropark,holiday,9,< 20
NJ TRANSIT - NEC,Metropark,workday,9,< 20
NJ TRANSIT - PVL,Secaucus,workday,8,< 20
NJ TRANSIT - ME,Millburn,workday,7,< 20
NJ TRANSIT - ME,Broad St,workday,21,< 20
NJ TRANSIT - MOBO,Little Falls,workday,19,< 20
NJ TRANSIT - MOBO,Glen Ridge,workday,19,< 20
NJ TRANSIT - NEC,Princeton Junction,workday,10,< 20
NJ TRANSIT - ME,Newark Broad St.,workday,10,< 20
NJ TRANSIT - NJCL,Middletown,workday,9,< 20
NJ TRANSIT - NEC,PSNY,workday,8,< 20
NJ TRANSIT - NEC,Metropark,workday,8,< 20
NJ TRANSIT - NEC,Metropark,workday,7,< 20
NJ TRANSIT - RVL,Hoboken,workday,6,< 20
NJ TRANSIT - MOBO,Watchung Ave,workday,6,< 20
NJ TRANSIT - NEC,Edison,workday,20,< 20
NJ TRANSIT - NEC,Metropark,workday,19,< 20
NJ TRANSIT - NEC,PSNY,workday,18,< 20
NJ TRANSIT - NJCL,Newark Airport,workday,18,< 20
NJ TRANSIT - NJCL,Secaucus,workday,17,< 20
NJ TRANSIT - NEC,Secaucus,workday,17,< 20
NJ TRANSIT - NJCL,PSNY,workday,17,< 20
NJ TRANSIT - MOBO,Glen Ridge,workday,14,< 20
NJ TRANSIT - NEC,NPS,workday,24,< 20
NJ TRANSIT - ME,Newark Broad St.,workday,24,< 20
NJ TRANSIT - NJCL,EWR,workday,24,< 20
NJ TRANSIT - NEC,NPS,workday,11,< 20
NJ TRANSIT - MOBO,Secaucus,workday,11,< 20
NJ TRANSIT - NEC,Secaucus,workday,11,< 20
NJ TRANSIT - ME,Newark Broad St.,workday,10,< 20
NJ TRANSIT - NJCL,South Amboy,workday,7,< 20
NJ TRANSIT - MOBO,Montclair Heights,workday,21,< 20
NJ TRANSIT - ME,Far Hills,workday,20,< 20
NJ TRANSIT - NEC,Princeton Junction,workday,16,< 20
NJ TRANSIT - PVL,Nanuet,workday,14,< 20
NJ TRANSIT - ME,Secaucus,workday,11,< 20
NJ TRANSIT - NJCL,Secaucus,workday,11,< 20
NJ TRANSIT - ME,South Orange,workday,10,< 20
NJ TRANSIT - ME,PSNY,workday,9,< 20
NJ TRANSIT - NEC,Metuchen,workday,17,< 20
NJ TRANSIT - NEC,Metropark,workday,16,< 20
NJ TRANSIT - NEC,Edison,workday,13,< 20
NJ TRANSIT - MOBO,PSNY,workday,13,< 20
NJ TRANSIT - NEC,Edison,workday,24,< 20
NJ TRANSIT - PVL,Essex St.,workday,11,< 20
NJ TRANSIT - NEC,Edison,workday,10,< 20
NJ TRANSIT - ME,Orange,workday,10,< 20
NJ TRANSIT - NEC,PSNY,workday,21,< 20
NJ TRANSIT - ME,Millington,workday,18,< 20
NJ TRANSIT - NEC,SEC,workday,7,< 20
NJ TRANSIT - NEC,Secaucus,holiday,15,< 20
NJ TRANSIT - NEC,Metropark,holiday,11,< 20
NJ TRANSIT - RVL,Roselle Park,holiday,10,< 20
NJ TRANSIT - NEC,Princeton Junction,workday,10,< 20
NJ TRANSIT - ME,Newark Broad St.,workday,9,< 20
NJ TRANSIT - MBPJ,Glen Rock,workday,5,< 20
NJ TRANSIT - NEC,Metuchen,workday,9,< 20
NJ TRANSIT - MOBO,PSNY,workday,8,< 20
NJ TRANSIT - ME,Brick Church,workday,8,< 20
NJ TRANSIT - NEC,New Brunswick,workday,19,< 20
NJ TRANSIT - ME,Lyons,workday,10,< 20
NJ TRANSIT - MBPJ,Harriman,workday,14,< 20
NJ TRANSIT - MBPJ,Salisbury Mills,workday,24,< 20
NJ TRANSIT - MBPJ,Hoboken,workday,7,< 20
NJ TRANSIT - MBPJ,Waldwick,workday,7,< 20
NJ TRANSIT - ME,South Orange,workday,8,< 20
NJ TRANSIT - ME,Newark Broad St.,workday,8,< 20
NJ TRANSIT - PVL,Secaucus,workday,14,< 20
NJ TRANSIT - PVL,Hoboken,workday,9,< 20
NJ TRANSIT - NEC,Metropark,workday,9,< 20
NJ TRANSIT - RVL,Bound Brook,workday,20,< 20
NJ TRANSIT - PVL,Wood-Ridge,workday,17,< 20
NJ TRANSIT - MBPJ,Radburn,workday,17,< 20
NJ TRANSIT - NEC,PSNY,workday,7,< 20
NJ TRANSIT - ME,Chatham,workday,20,< 20
NJ TRANSIT - ME,Maplewood,workday,17,< 20
NJ TRANSIT - RVL,Somerville,workday,16,< 20
NJ TRANSIT - NEC,New Brunswick,workday,15,< 20
NJ TRANSIT - RVL,Union,workday,10,< 20
NJ TRANSIT - MBPJ,Hoboken,workday,8,< 20
NJ TRANSIT - ME,Newark Broad St.,workday,11,< 20
NJ TRANSIT - PVL,Secaucus,workday,9,< 20
NJ TRANSIT - MBPJ,Secaucus,workday,9,< 20
NJ TRANSIT - MBPJ,Paterson,workday,10,< 20
NJ TRANSIT - MBPJ,Otisville,workday,6,< 20
NJ TRANSIT - NEC,Jersey Ave,workday,10,< 20
NJ TRANSIT - RVL,Metropark,workday,19,< 20
NJ TRANSIT - PVL,Secaucus,workday,9,< 20
NJ TRANSIT - RVL,Metropark,holiday,24,< 20
NJ TRANSIT - NEC,Metropark,workday,18,< 20
NJ TRANSIT - RVL,Union,workday,19,< 20
NJ TRANSIT - RVL,Roselle Park,workday,19,< 20
NJ TRANSIT - MBPJ,Ramsey Route 17,workday,6,< 20
NJ TRANSIT - NEC,Metropark,holiday,17,< 20
NJ TRANSIT - NJCL,Newark Airport,workday,18,< 20
NJ TRANSIT - NJCL,PSNY,workday,17,< 20
NJ TRANSIT - NJCL,Long Branch,workday,14,< 20
NJ TRANSIT - NJCL,Elizabeth,workday,13,< 20
NJ TRANSIT - ME,Newark Broad St.,workday,11,< 20
NJ TRANSIT - MOBO,NBS,workday,11,< 20
NJ TRANSIT - NJCL,Long Branch,workday,7,< 20
NJ TRANSIT - ME,PSNY,workday,7,< 20
NJ TRANSIT - MBPJ,Campbell Hall,workday,14,< 20
NJ TRANSIT - NEC,Metropark,workday,16,< 20
NJ TRANSIT - NJCL,Middletown,workday,18,< 20
NJ TRANSIT - NEC,Trenton,workday,13,< 20
NJ TRANSIT - RVL,Bridgewater,workday,11,< 20
NJ TRANSIT - RVL,Cranford,holiday,14,< 20
NJ TRANSIT - MBPJ,Harriman,workday,10,< 20
NJ TRANSIT - MBPJ,Hoboken,workday,8,< 20
NJ TRANSIT - ME,Gladstone,workday,6,< 20
NJ TRANSIT - ME,Short Hills,workday,13,< 20
NJ TRANSIT - MBPJ,Waldwick,workday,8,< 20
NJ TRANSIT - MBPJ,Secaucus,workday,9,< 20
NJ TRANSIT - PVL,Emerson,holiday,24,< 20
NJ TRANSIT - MBPJ,Middletown,workday,6,< 20
NJ TRANSIT - RVL,Metropark,workday,18,< 20
NJ TRANSIT - ME,Short Hills,workday,17,< 20
NJ TRANSIT - NEC,PSNY,workday,9,< 20
NJ TRANSIT - PVL,Spring Valley,workday,7,< 20
NJ TRANSIT - RVL,Cranford,holiday,13,< 20
NJ TRANSIT - ME,South Orange,workday,9,< 20
NJ TRANSIT - MBPJ,Hoboken,workday,8,< 20
NJ TRANSIT - ME,Secaucus,workday,8,< 20
NJ TRANSIT - ME,PSNY,workday,10,< 20
NJ TRANSIT - ME,Summit,workday,7,< 20
NJ TRANSIT - ME,Far Hills,workday,10,< 20
NJ TRANSIT - NEC,Edison,workday,8,< 20
NJ TRANSIT - NEC,New Brunswick,workday,8,< 20
NJ TRANSIT - RVL,Bridgewater,holiday,11,< 20
NJ TRANSIT - NEC,Newark,workday,7,< 20
NJ TRANSIT - ME,Summit,workday,7,< 20
NJ TRANSIT - MBPJ,Plauderville,workday,5,< 20
NJ TRANSIT - NEC,Edison,holiday,17,20 to 40
NJ TRANSIT - NJCL,South Amboy,workday,18,20 to 40
NJ TRANSIT - NEC,Jersey Ave,workday,15,20 to 40
NJ TRANSIT - NEC,Edison,workday,20,20 to 40
NJ TRANSIT - MOBO,Secaucus,workday,11,20 to 40
NJ TRANSIT - ME,Gladstone,workday,15,20 to 40
NJ TRANSIT - NEC,New Brunswick,workday,17,20 to 40
NJ TRANSIT - NEC,Metropark,workday,16,20 to 40
NJ TRANSIT - NJCL,PSNY,workday,9,20 to 40
NJ TRANSIT - NJCL,Secaucus,workday,8,20 to 40
NJ TRANSIT - RVL,Union,workday,5,20 to 40
NJ TRANSIT - NEC,PSNY,workday,10,20 to 40
NJ TRANSIT - PVL,River Edge,holiday,16,20 to 40
NJ TRANSIT - PVL,Spring Valley,holiday,14,20 to 40
NJ TRANSIT - RVL,Annandale,workday,6,20 to 40
NJ TRANSIT - ME,Broad St,workday,20,20 to 40
NJ TRANSIT - ME,Summit,workday,10,20 to 40
NJ TRANSIT - ME,PSNY,workday,8,20 to 40
NJ TRANSIT - RVL,NPS,holiday,24,20 to 40
NJ TRANSIT - NEC,Newark Airport,holiday,11,20 to 40
NJ TRANSIT - NEC,New Brunswick,holiday,11,20 to 40
NJ TRANSIT - NEC,Metropark,holiday,17,20 to 40
NJ TRANSIT - NEC,Secaucus,workday,11,20 to 40
NJ TRANSIT - NJCL,NJCL,workday,7,20 to 40
NJ TRANSIT - RVL,Metropark,workday,8,20 to 40
NJ TRANSIT - MBPJ,Ridgewood,workday,17,20 to 40
NJ TRANSIT - ME,Chatham,workday,16,20 to 40
NJ TRANSIT - MBPJ,Ridgewood,workday,8,20 to 40
NJ TRANSIT - ME,PSNY,workday,8,20 to 40
NJ TRANSIT - PVL,Teterboro,workday,19,20 to 40
NJ TRANSIT - ME,South Orange,workday,7,20 to 40
NJ TRANSIT - RVL,High Bridge,workday,9,20 to 40
NJ TRANSIT - MBPJ,Suffern,holiday,18,20 to 40
NJ TRANSIT - MBPJ,Otisville,workday,8,20 to 40
NJ TRANSIT - RVL,Bridgewater,holiday,11,20 to 40
NJ TRANSIT - MBPJ,Campbell Hall,holiday,10,20 to 40
NJ TRANSIT - RVL,NPS,workday,19,20 to 40
NJ TRANSIT - MBPJ,Middletown,workday,8,20 to 40
NJ TRANSIT - PVL,Spring Valley,holiday,14,20 to 40
NJ TRANSIT - RVL,Annandale,workday,6,60+
NJ TRANSIT - NEC,Trenton,workday,21,20 to 40
NJ TRANSIT - MBPJ,Port Jervis,workday,5,40 to 60
NJ TRANSIT - RVL,Fanwood,workday,18,40 to 60
NJ TRANSIT - MOBO,Dover,workday,8,40 to 60
NJ TRANSIT - RVL,High Bridge,workday,6,40 to 60
NJ TRANSIT - RVL,Lebanon,workday,6,40 to 60
NJ TRANSIT - PVL,Wood-Ridge,workday,17,40 to 60
NJ TRANSIT - ME,Newark Broad St.,workday,9,40 to 60
NJ TRANSIT - RVL,Roselle Park,workday,10,40 to 60
NJ TRANSIT - RVL,Cranford,workday,7,40 to 60